baeb83ff96f5baa323f43c9e050f9943;Bootstrap.php
77d00bce5f2227dbc4a6fde51a6f3935;Plugins.php
7d2b8f3aa3cf84866ef8b949107a5f3d;account/address_form.tpl
8e3626d2e679f15b9cc8324aca18f83d;account/change_password.tpl
ab9c586c1bb643d439e4329106c07263;account/delete_account.tpl
b9ab89cb97233063fa892bdec830c05f;account/downloads.tpl
5d4ca7197364ea64105ae3c4e3e30d54;account/feedback.tpl
80f85a5ee49dc351eeee231ad537a1d3;account/index.tpl
1a3668ba796f6cbd4e28f417b8d13363;account/login.tpl
11ed819bfc57103540140f1d14c398e7;account/my_account.tpl
bb7ca771563c49ec35dc40fe48c858d2;account/order_details.tpl
4e3ee819c52795a93cc8ee47ae52c614;account/order_item.tpl
71ad82ff615a0bc71e85b711aa71dc20;account/orders.tpl
4bfdaca8f8c0c251a8cab5ca3b5b6790;account/password.tpl
e5428e346a4582ed4de7b6200f768aac;account/retrospective_payment.tpl
7096370cb4fdc8a8aa6b72f1b0966b8c;account/uploads.tpl
b75e3136e3b07409e3570d3ac252e516;basket/cart_dropdown.tpl
17293a064f52d31308101f82118bfef7;basket/cart_dropdown_label.tpl
e8e6813802adcbc8e2fcb62aae74f848;basket/cart_items.tpl
842f36371a17834b9e6d1e435713d4e7;basket/index.tpl
32fa3486720769b4dba520c2becc7516;blog/details.tpl
180f316fb6c39ab96eb788bcdfbab436;blog/index.tpl
2a1c8d5e5483409e33593d6442ec6e22;blog/overview.tpl
97ffe303d8b1490279eddb28e9406caa;blog/preview.tpl
e08a5278adb3a4f4272bcffb21d4c044;boxes/box_basket.tpl
55b8f697ffe11973d53720aae883532e;boxes/box_bestseller.tpl
3677fe28371eb9bec992e101df71286d;boxes/box_categories.tpl
2f481adb23738a19a3d7f10bab3f4887;boxes/box_coming_soon.tpl
df3a6436123a59a41f7a5719a9f55cce;boxes/box_comparelist.tpl
1ab90806bea06e5f9b25f8a537992056;boxes/box_container.tpl
a1e86b17f9bf30572e785e95e4adec42;boxes/box_custom.tpl
50d90f4d51834ef77dff0fadfda67d09;boxes/box_custom_empty.tpl
c588d6d454e907b14d834c119f18abb4;boxes/box_direct_purchase.tpl
bf29702646f52c3508b77a1b53d04b20;boxes/box_filter_availability.tpl
163b03d1dc4cdf412b5dc0d05a6bf4c2;boxes/box_filter_category.tpl
62b2b413d0d07a6250dfc6e96dd47b24;boxes/box_filter_characteristics.tpl
e2986139047a6956d239473c60364efb;boxes/box_filter_manufacturer.tpl
cf8f2771e547a38f66590ce06d38e32b;boxes/box_filter_pricerange.tpl
fb00a6d44d061d4969ab8bb2bd975eae;boxes/box_filter_rating.tpl
88d12658dd12b96409c7444c415afb86;boxes/box_filter_search.tpl
02639a3d638706cf8633d24218460342;boxes/box_filter_search_special.tpl
1a2127a22243a3c22fc52893478d8150;boxes/box_last_seen.tpl
165a4664f2fdcbc3a1cbd7f245364d68;boxes/box_linkgroups.tpl
379c5aa35233e264c01e1b825df75a83;boxes/box_login.tpl
0149b010088dcade28185b2b91646e10;boxes/box_manufacturers.tpl
ca5bf7169a95c3e124de053cce8e80d6;boxes/box_new_in_stock.tpl
35b4715d98965474a5b598e464577d4b;boxes/box_news_categories.tpl
9a873194f850b3c3b06d3cbb143d4424;boxes/box_news_month.tpl
f4d365bd2b82551f108ab801eeb87f4a;boxes/box_search_cloud.tpl
a4104c0403d1967eab0dfeaf327da1c8;boxes/box_special_offer.tpl
73042e941264f227b7cf556f8fe7a8c8;boxes/box_top_offer.tpl
a1fd867e8525077b84805057ee399335;boxes/box_top_rated.tpl
5d6b8b6d1b2ca6e31eaee5b78d5eb8d0;boxes/box_wishlist.tpl
7561cf08d9bd476e953c04ce6f4c3831;checkout/coupon_form.tpl
e486964a04f18fa4cfa12a98175941c9;checkout/credit_form.tpl
ceb2faa65704a03c545c83380e2766a9;checkout/customer_shipping_address.tpl
b14d860b54b2d2a4da76a29ae34f6cff;checkout/customer_shipping_contact.tpl
67bd2bbbea9336081b086e1c7b382b1c;checkout/inc_billing_address.tpl
99b26e5f1b8bbe118572bcba1b7331d2;checkout/inc_billing_address_form.tpl
8b50ecd4d9af7be3c8e488647c7c0c1d;checkout/inc_delivery_address.tpl
b4a743e82adb300d45bfb81d02a7446a;checkout/inc_order_completed.tpl
feacd6437cf79c50d45a404443cc973d;checkout/inc_order_items.tpl
60850519b6608c9d22d98da8d04078b9;checkout/inc_payment_methods.tpl
39d9e5eb3b8e86b66e031a301dda5431;checkout/inc_paymentmodules.tpl
31d64ac0df75d86bec11b9601733433c;checkout/inc_shipping_address.tpl
8682daf83627e2530c9bfdfcb0ad1dae;checkout/inc_steps.tpl
85c66b472eeff62f85d52a370b2cc1c9;checkout/index.tpl
9e2267b363f1801393479d208c2c8c23;checkout/modules/creditcard.tpl
72f6932b5dedb590c4e752dec61dc4b6;checkout/modules/direct_debit.tpl
3aaf6fb5aed15fde7eec0196e0fa2c8b;checkout/modules/paypal/bestellabschluss.tpl
220665219da9c09c2b378f3c5141a897;checkout/order_completed.tpl
5ba7a0d0031e4f55dbd58d1b33d78691;checkout/step0_login_or_register.tpl
fe658602460110dadef29ac774c71ed3;checkout/step1_edit_customer_address.tpl
021707b19014f6ae623158a713dcb401;checkout/step3_shipping_options.tpl
3918697ea18794235c08f66491263034;checkout/step4_payment_additional.tpl
fb98ebc2d4032e5631651c3c78148000;checkout/step4_payment_options.tpl
88d222eafef8004666ae81e456a455af;checkout/step5_confirmation.tpl
dbeac631cce051bce4c54f8406e306c7;checkout/step6_init_payment.tpl
d551e2efa24085224839fe57b862c620;comparelist/index.tpl
3b44c4929d747a15d97cb6a8550e501b;contact/index.tpl
5764544e3c950ab41698e4b37c61cbce;images/overlay/original/overlay_1_1.png
0fc4137a4549cc0d21da373fedcc0810;images/overlay/original/overlay_1_2.png
2805346a1f8ba8500f5d8e7be60c7cd5;images/overlay/original/overlay_1_3.png
4d75a6738294b65d6a9ac5ba9a19c807;images/overlay/original/overlay_1_4.png
81aeab85632903ed8a0307325a167740;images/overlay/original/overlay_1_5.png
bb912279b064c69c6703d6bef4be28fe;images/overlay/original/overlay_1_6.png
1f418e20773d804969f5f7a59ae547af;images/overlay/original/overlay_1_7.png
6aad65e2db94fe45492c58443070b214;images/overlay/original/overlay_1_8.png
f94e2a67c4bc029286aabd5ec31e53fb;images/overlay/original/overlay_1_9.png
cfa80ef7e1ae41b499f5e836109dccb5;js/Chart.bundle.js
86cc8cd0eb5d5a2b42c1fa46b922d338;js/Chart.bundle.min.js
b0835101493d528611cea6a82231178d;js/app/app.js
50557359eb701db850629de17c2f2a87;js/app/globals.js
5ba590e3f0c4a47b0bda923656ca5329;js/app/helpers.js
674f0bfa8e2c87547687169fde951275;js/app/plugins/navscrollbar.js
b7e0438f9171f02d00a63a787aab8ff5;js/app/plugins/tabdrop.js
f88f2714b2c0eed36cfa031fac9f601c;js/app/snippets/form-counter.js
75236f4ca793a7226f65b493d16afd77;js/app/views/header.js
f3925908c8800458ea074ad459eeaa1a;js/app/views/productdetails.js
4587e74b159d27df769e571aab4f6c7d;js/bootstrap-select.js
303dd8f19ba7e079197da5f19fc4e8b3;js/bootstrap-select.js.map
a917e388f441ad141b2da48ad3183af8;js/bootstrap-select.min.js
a2262bf08a2211be78a5faff0d800310;js/bootstrap-toolkit.js
a9247b1fe21ee409d0b37e74100de687;js/bootstrap.bundle.js
06ab40ddb02567b23a55c8c62d1f2b37;js/bootstrap.bundle.js.map
a454220fc07088bf1fdd19313b6bfd50;js/bootstrap.bundle.min.js
aaad5d3094bf3897ad4330517d395419;js/bootstrap.bundle.min.js.map
7f827fe484ec04346553202782b0664b;js/bootstrap.js
e7d7dc6d44047670c68d91c068969edb;js/bootstrap.js.map
e1d98d47689e00f8ecbc5d9f61bdb42e;js/bootstrap.min.js
f32bc113e823c80e52841730b5969976;js/bootstrap.min.js.map
85a4d9114f41a7e9b53c955b8e827e47;js/colcade.js
b87bbe43952b14fc3afedae986a76a1b;js/consent.js
b66b1fdaa8d580084ff048c6ec15db55;js/consent.youtube.js
4160f80800fbe4de9b6b271bc2d912bd;js/custom.js
0ac96c3df4695999e7d848611da0d240;js/eModal.js
e852c9d5bd2038d15edce40be8cf717d;js/eModal.min.js
95e6011a174a6a2fdcf28630caff40c6;js/fileinput/fileinput.min.js
17de3afd8b22c1a1b29152504e903a81;js/fileinput/locales/LANG.js
22cf5a06035d5715c335c70324b14c25;js/fileinput/locales/ar.js
19d480ea81e975cdbbaaca5d66cc2844;js/fileinput/locales/az.js
c2623d11edcbd04d5f3d04876a5e4610;js/fileinput/locales/bg.js
b23a8dded2f81bb919766340b4428a04;js/fileinput/locales/ca.js
2e59e616bdc8c04121e7e9fbd127516c;js/fileinput/locales/cr.js
2180f578722e40fdcb66c2facebf37d1;js/fileinput/locales/cs.js
9af2f6a91c31411f87059ce92148c196;js/fileinput/locales/da.js
71b88b31a9c29b684b84bf6fb2d81526;js/fileinput/locales/de.js
e27b6194eb652076c7e5755eb9a7a680;js/fileinput/locales/el.js
ca096187b2c6115c8963fa3da97c3fcc;js/fileinput/locales/es.js
8c8d25d91fd2860e9cf4f54af23dcd73;js/fileinput/locales/et.js
d1b1712996d391e0c639c653ef2ea82b;js/fileinput/locales/fa.js
85061be89393a8b6601dae471ceed480;js/fileinput/locales/fi.js
35b1fdcfd04bbf7ae17bed7c4aeb3133;js/fileinput/locales/fr.js
600d55f53fe855da732fcd8be035426b;js/fileinput/locales/gl.js
016d4450c73e432c4c71c96a7a58b8e7;js/fileinput/locales/he.js
05d5a141b70edcb2b4af156edc9e940d;js/fileinput/locales/hu.js
21abfcdb8901a02ccf42186a16f7c245;js/fileinput/locales/id.js
ddae01b883a6b6b3edf40a5977d40744;js/fileinput/locales/it.js
891b35c3330b556ad3b118b58be64f83;js/fileinput/locales/ja.js
70127722bd15e8ba514cbd299fb63acf;js/fileinput/locales/ka.js
6a1822a54a98252f6341692552837b31;js/fileinput/locales/kr.js
17221cf0c52ad54591ce9eb25cea404c;js/fileinput/locales/kz.js
d582c4e9e7c6b02d23bb58164a7714e4;js/fileinput/locales/lt.js
302d9d2595862d049cb474ad1fc17869;js/fileinput/locales/nl.js
3066202592afabdea7fd7dd0f2c680a9;js/fileinput/locales/no.js
71955e7ac27748d8f994a31968802d00;js/fileinput/locales/pl.js
338b28e805a46fd2bf2957cdc9e7d124;js/fileinput/locales/pt-BR.js
947fe93f8e5ae2d9f8e3e43a1505fdcd;js/fileinput/locales/pt.js
46a3e89e51ae190023ad7ce6317b7d41;js/fileinput/locales/ro.js
527bce217a4d8ba31080ba792f8fae75;js/fileinput/locales/ru.js
c63e019c9b88ed30ab47de3dec06ae69;js/fileinput/locales/sk.js
cc01358b4da2d3c8bd72090b77a8d263;js/fileinput/locales/sl.js
48e10ef41c918bbe43660047817fe8b2;js/fileinput/locales/sv.js
a73b5e55075c33857d400cddc0c6912c;js/fileinput/locales/th.js
f9c39a66c44fde82514e7e0022caebda;js/fileinput/locales/tr.js
5389b8d19120fc5ae13d7e6a951f7601;js/fileinput/locales/uk.js
577e8c719b7c8a487e409f6630d9ba4f;js/fileinput/locales/uz.js
8f47a72efa7a0417899132ce2bc48d1d;js/fileinput/locales/vi.js
162e888eeae1f534961435578acf8a8f;js/fileinput/locales/zh-TW.js
fdd52a0f796edd68de7f0643cec80448;js/fileinput/locales/zh.js
a2756b17ed1dd0e6ea84f57cb1b2cd52;js/fileinput/themes/explorer-fa/theme.css
295440c4cb1c27f540835b67b1de30c5;js/fileinput/themes/explorer-fa/theme.js
ca0ed05338b1bb180af3b91b3f702c7c;js/fileinput/themes/explorer-fa/theme.min.css
f9e99ac2fc6ae72a259208fe2f0aaa6f;js/fileinput/themes/explorer-fa/theme.min.js
6f7b97b41692d4f10b37e415162a14a0;js/fileinput/themes/explorer-fas/theme.css
24a5d1a78d92d87c49140f6db94f42ba;js/fileinput/themes/explorer-fas/theme.js
c14fe88a91daf8dca4dd00ff183ef3bb;js/fileinput/themes/explorer-fas/theme.min.css
440019f6ff16985148705c622598e387;js/fileinput/themes/explorer-fas/theme.min.js
7ee9ef6cecd9696f84f2be097e75799f;js/fileinput/themes/explorer/theme.css
888a7777cca4dd664d7d60ee22376185;js/fileinput/themes/explorer/theme.js
1631ec0fb4f4baf1d8b70056ec9f7f1a;js/fileinput/themes/explorer/theme.min.css
5d1ca82be27704bb80bed27522dddff4;js/fileinput/themes/explorer/theme.min.js
748f0bfd5bc1f3974349531535f7480f;js/fileinput/themes/fa/theme.js
43a02ebf299ee8aa61357f6b9d285fc4;js/fileinput/themes/fa/theme.min.js
d45de88ecc6662e8052e6a87cceb5135;js/fileinput/themes/fas/theme.js
5c51a7d552c018715145d0216c5fcb24;js/fileinput/themes/fas/theme.min.js
d797d476bb21b24404dd394c7e672e90;js/fileinput/themes/gly/theme.js
cc45040f39754445cec8df362c30c96d;js/fileinput/themes/gly/theme.min.js
2331ab1851fdea630047ed9b5791345c;js/global.js
b148b57cf09e1de98b446009c12b402b;js/jqcloud.js
12b69d0ae6c6f0c42942ae6da2896e84;js/jquery-3.5.1.min.js
0cf3f8b677dcd27b6d46f4a56d65fdb2;js/jquery.nivo.slider.pack.js
5d873c724a7aa020c96f972a8228005b;js/jquery.serialize-object.min.js
fe65218289ee0fa31c200dea8be5a553;js/jtl.article.js
1cea233a25526ca1726a95a9ea57d488;js/jtl.basket.js
4600e82474f346fd037a94b1bc9b2cfc;js/jtl.evo.js
6266d2760ba9ce80e0af4206425beb49;js/jtl.io.js
b5292df3431ced16b033d8b198079f06;js/lazysizes.min.js
8fcb5dd3389d2392888d6390d6d6e41d;js/nouislider.min.js
ca13e0c8eee04011dfa63c97cbaf90e3;js/parallax.min.js
9ad6e7dec5bf2a6b8fd7315122f80788;js/password/password.min.css
943864f979d280430b2160af98b296f2;js/password/password.min.js
442e476bf50e3da0cdae8c7bc1fa069d;js/password/passwordstrength.jpg
ef920fda5f5335b13345dd01810e14e1;js/popper.js
a22f3f7e61af6a069aa6b422537c3f49;js/popper.min.js
d5fd332238f3d7d63ee6d386a9ed58e4;js/popper.min.js.map
21792e16cd2b55c85bd56fc5b987ec02;js/slick-lightbox.js
1028e0e69e1e8e8d205333ac9b629958;js/slick-lightbox.min.js
e5c8ebae11d35481fd1aa2eba1758f3d;js/slick-lightbox.min.js.map
cfa5df7b7f60663caff9c1d682808d3e;js/slick.js
8e3ef73a2cb4f7e1999638ed75b72496;js/slick.min.js
81225aba7ad4e8f8c163fe4e8876ab48;js/typeahead.bundle.js
6315f69ef6e28ba941c86c861a47e183;js/wow.min.js
fdfe261fc82d745892ca23bd038c4b24;layout/breadcrumb.tpl
19735851282ee8e0f3f31cf24ba2ff92;layout/footer.tpl
caacf825601bf3f6a9ba5c2891f64c74;layout/header.tpl
5bc7da353e0932b2bb55a1be9cff9286;layout/header_nav_icons.tpl
94a4fc673e9584edc3d5e34f21223524;layout/header_nav_search.tpl
de681ac0f00f939ea8179b1a50628509;layout/header_shop_nav_account.tpl
db4bd845a8de3821bd2cf524acbea824;layout/header_shop_nav_compare.tpl
66f40ad111cfbfd860a25b3819941c3f;layout/header_shop_nav_wish.tpl
7f49522e1c667f7b923f8a67847cb58e;layout/header_top_bar.tpl
680677273d0721fdbc8b4aef27986706;layout/index.tpl
5554495ff74a225e743e88576e9a48fc;layout/modal_footer.tpl
53b85543afab133ba760dcfed54477b1;layout/modal_header.tpl
0c33b4192f55866bb3194c9c4b7cfb37;locale/de-DE/base.mo
7cb2bee3fd68850e7f505a23c0a2b362;locale/de-DE/base.po
82cd49d2fe8cd4bc827284e1c1b648ba;locale/en-GB/base.mo
6667313c2dfbae49a9e6e70b759a68c4;locale/en-GB/base.po
2dba5b36e485af5e89299467ce97f1cd;newsletter/index.tpl
37ae538e9b1a70f8ec7a2f0b253040c8;page/404.tpl
82baccbc1072296a2653105f10216ddb;page/free_gift.tpl
53aa89f59c6560010ec69dd8ff38108b;page/index.tpl
e469241ce955b6beca71faab6f354a44;page/livesearch.tpl
e1a1a806d26e4f2ec356024159098d33;page/manufacturers.tpl
dd1e809aec6f79df1725eea897d90b17;page/newsletter_archive.tpl
f3dc0de0c9e1b6b8e7ce83923c119d32;page/shipping.tpl
39fedf7e738f0fddec18d3ae51dbad75;page/sitemap.tpl
1a2f89226b0c9a71caecc7602d6b6d74;php/functions.php
a338f41215a9c25b2be62b46e574cf6e;preview.png
6b8300765867f89a37d08cff85d78828;productdetails/attributes.tpl
314e820522468da26165f8b377cbbca4;productdetails/availability_notification_form.tpl
6378b4e1c87503639a3658c47b2efa62;productdetails/basket.tpl
a118889e491142a6fdd68cbc2619d579;productdetails/bundle.tpl
c05f7d4c26cc3f75edb2f823cc0b3bf4;productdetails/config.tpl
d0cbfed99b85318692f9182d1fba5a7f;productdetails/config_container.tpl
671afd441f604af85c76c91d6bec1692;productdetails/config_options.tpl
d21fb95d8d4bbab5cd5b44bf02aae215;productdetails/config_sidebar.tpl
e684dca596210cd0f1f8b085bd6b8987;productdetails/config_summary.tpl
1654f2fddd8f25cc544f8dd9d12e6282;productdetails/details.tpl
045cfebb19dc437cca7faf81fcafbfd5;productdetails/download.tpl
bfbfef77d7b3d66cb5c2970e9fc901b5;productdetails/image.tpl
afd70a1a3ac9e832cad13b77d5a971c3;productdetails/index.tpl
8f56ab357620bf34c022cfd036752e9a;productdetails/matrix.tpl
3fa353ded6720ba8cbbbde23535d9bb1;productdetails/matrix_classic.tpl
af82814515cafce2ead23236c42f5c7e;productdetails/matrix_list.tpl
a1380f09c62e7967186650fac7c9d410;productdetails/mediafile.tpl
61e4a10c169d81829bd5a34b4b196633;productdetails/mediafile_youtube_embed.tpl
b9206b3873c1d8063a5a858244eb95ae;productdetails/popups.tpl
d35ea3a6a920f25830511804326314f5;productdetails/price.tpl
3a1bbdaf205024f1c799d9478ec4478b;productdetails/price_history.tpl
55ed8cc5eab7c0043b924dda89d664ff;productdetails/product_images_modal.tpl
eaeeb317e40239bdf6342ddd55be7460;productdetails/pushed.tpl
ac590d66adcb94678e45500b78abaa33;productdetails/pushed_success.tpl
803fab6422675070515677103ee8452b;productdetails/question_on_item.tpl
e7ebc293683f19c4f3e52e6d1c4b8879;productdetails/rating.tpl
b52ace8d98e1b525a4cef38786dc8018;productdetails/review_form.tpl
3ac2ba7c1c3db544d0d0b4c302e085de;productdetails/review_item.tpl
4ee118d68f167d735c267e13ed5a685e;productdetails/reviews.tpl
621c6a1a7917ed279acb0ce9ef890218;productdetails/stock.tpl
2e0676b2036c4af0a4a33bc986e9adb5;productdetails/tabs.tpl
d5474806fb711e1215611682d829d93a;productdetails/variation.tpl
d02b95f7701c100fe51866dbb5ff10c9;productdetails/variation_value.tpl
adf32c2053ef52172a0bed2eb3bf33fa;productdetails/warehouse.tpl
c15075a2b14e1068d445727b4ba7bd60;productlist/footer.tpl
4aa3d264c5cb795ffb28ec29a1bd20be;productlist/header.tpl
f39240639a0d4c574143235979446730;productlist/index.tpl
1cc0259a912be76f2033e891f4648e72;productlist/item_box.tpl
2d818a6d5074ed2cf6494542003dd5db;productlist/item_delivery_status.tpl
112dcaa8be58a5d67defc6450fa600ff;productlist/item_details.tpl
73f6978481548537459cca70be20c2ac;productlist/item_list.tpl
9f2212b44028bce30687d2a90212e141;productlist/item_slider.tpl
db93e0f4d2725b765e432eaf9dd2e165;productlist/layout_options.tpl
81ee6d286368c88b5d3bed30ed70adcf;productlist/productlist_actions.tpl
06301e127d984eacc36456fba619502d;productlist/result_options.tpl
7c0c833acedc36ce96d1a16118fd198a;register/form.tpl
0608c8d2a8e1ac0ef7a326baa65662a7;register/form/customer_account.tpl
1312f2666f39b5f901da736bb8f50d0e;register/form/customer_login.tpl
86207246f7ea32915112c33cc5f1e8f6;register/index.tpl
d08907b062cf770bc23c0f6539ff1ca0;selectionwizard/form.tpl
093d11086c65891a68a8a80130963a85;selectionwizard/index.tpl
21685ac4e95ae7c314018d80ae0c0f52;selectionwizard/question.tpl
ee50a975781167f458cf0f01b742d4b4;snippets/alert.tpl
4632b0f0b8f14aa3f24d5f0aa165ba5c;snippets/alert_list.tpl
65047216dc65d6ad6a64307c127a6cde;snippets/author.tpl
2e5baaec27006194ea9982640eeb7be2;snippets/banner.tpl
d269b83c1b415bee0e7cd0b29b778c2c;snippets/categories_mega.tpl
d904df769101713a15761d31015b5de1;snippets/categories_mega_recursive.tpl
9f2e664d4ec8a24bd55254b650e2f468;snippets/categories_offcanvas.tpl
f39be2c5851e6dbe1b04683ac22a65fe;snippets/categories_recursive.tpl
1c1754a900ba59f2c5f91ba1cdb9816f;snippets/checkbox.tpl
20880b111a7b5bdeb83bdab692d9f6c5;snippets/comparelist_button.tpl
fed4413756eaa8e2689b9fdb3d16e183;snippets/comparelist_dropdown.tpl
a13220feb4d3da0cd8f56ae12b2c9502;snippets/consent_manager.tpl
f3e56b09a5996fe2fc1e28b8c5e96828;snippets/extension.tpl
b91e26c3ea00aefebc57c0a438ccecb9;snippets/filter/active_filter.tpl
ee311bca246a5fda005d16b877a1a45c;snippets/filter/characteristic.tpl
355205efd819f13a35042c40731e3e7f;snippets/filter/custom.tpl
674ae3026485d6652b1404257efb07e1;snippets/filter/genericFilterItem.tpl
0679b142bcb2a6adcf973bb0f54e7fb1;snippets/filter/manufacturer.tpl
5cf5e0c875e4c4212aa37dfacbc78f2b;snippets/filter/mobile.tpl
78e1c8519ee0759902a8b99a01cd6bdd;snippets/filter/price_slider.tpl
efeb6fb398ba94b11a887ce55072c592;snippets/filter/search.tpl
50ab064131afea75c0f9f0bcb1212e43;snippets/form_group_simple.tpl
163a8d1af59592e855119e468e20b053;snippets/image.tpl
027666aabf07c2f5d12486b1b61ec5c7;snippets/language_dropdown.tpl
2d90a78b69477f909f64d8c575ef31f3;snippets/linkgroup_list.tpl
eeaffd55a8f3cc92a8f395fc8d55c293;snippets/linkgroup_recursive.tpl
dcc9f42cbaf3700dd2f559f2667e18e5;snippets/maintenance.tpl
fc4027338d23550537c7a898924a61bf;snippets/newscategories_recursive.tpl
5edcf88b2566593e694bc8041900fde2;snippets/notification.tpl
b84066d92524b94118366de26a1d8e0e;snippets/pagination.tpl
50a44d3747d697cc8e383c8351133f78;snippets/password_check.tpl
4f24bdb62ae1d48dbf73cd4384404255;snippets/product_slider.tpl
4ce0ce282c6a52ba2e8bde2d579a9c27;snippets/productlist_page_nav.tpl
1d07179d9b4385e24ac4ab6bf02e93f0;snippets/ribbon.tpl
6ed677f29d3b9a4ba0ce2d5668280ea2;snippets/scroll_top.tpl
a24c9ffff5b5473913a92ce249cb1724;snippets/search_form.tpl
3340ba1e8e78bb329d48256208a92071;snippets/shipping_calculator.tpl
9d85bb35f45c8110bd84db5f47b93ea2;snippets/shipping_tax_info.tpl
7e50a41fbb0ba783a98e6baf9d480b33;snippets/simple_captcha.tpl
cdb1e4537d21a73728324b9a6edc9797;snippets/slider.tpl
7bf9f9dccafbb8be506df78732f89cf8;snippets/slider_items.tpl
619e9094cf5de28b197535988c127b9f;snippets/stock_status.tpl
287f80b9836163498bb5905642e4e16b;snippets/suggestion.tpl
b9388264c69efcb3e56c98cc80418333;snippets/uploads.tpl
94326e4a51619edf2fd199a6e49e29a4;snippets/wishlist.tpl
bf181e41b38e70799671f701b5f01536;snippets/wishlist_button.tpl
199fd6e703bb1f3870426e82e607b007;snippets/wishlist_dropdown.tpl
aa09d3bf9839a7bb03efa36a58266696;template.xml
649c1e820862f585f5c0c82430ffbe54;themes/base/bootstrap-select/bootstrap-select.scss
9a9ad62de9ec7c1ec202c8929edea23d;themes/base/bootstrap-select/variables.scss
a51af7cf34ee3cf49acb309bea0004c1;themes/base/bootstrap/bootstrap-grid.css
b38ea5f5847d447e739e84bebb4b2a7c;themes/base/bootstrap/bootstrap-grid.css.map
d8efcf576ed26c06625efb5ecb1755ec;themes/base/bootstrap/bootstrap-reboot.css
30b94009066b1c9cba95796f2b43114a;themes/base/bootstrap/bootstrap-reboot.css.map
ee99f2641ccea17a99c89c3b0a08d1df;themes/base/bootstrap/bootstrap.css
e01211e6a8e1a8490adc7e3d6dd48f1b;themes/base/bootstrap/bootstrap.css.map
f3cea8d46257bf09f3f11390d10dee08;themes/base/bootstrap/scss/_alert.scss
ce84cd07128b49e5edfcdab05123e960;themes/base/bootstrap/scss/_badge.scss
2a2195660bfed7292be593bde6d852b4;themes/base/bootstrap/scss/_breadcrumb.scss
aa313e235a305e61e181f81a853df629;themes/base/bootstrap/scss/_button-group.scss
a14555de3d652f322647d802782c8525;themes/base/bootstrap/scss/_buttons.scss
dca715a63a8b7aaec4d0895b60ad2fda;themes/base/bootstrap/scss/_card.scss
4eefd87810986cc77dfa528be7bab554;themes/base/bootstrap/scss/_carousel.scss
51dbb30057470076825034eeafba90e3;themes/base/bootstrap/scss/_close.scss
498c7818162f2b57176558feaac02c31;themes/base/bootstrap/scss/_code.scss
d6584b2a4215bf18201b264426931042;themes/base/bootstrap/scss/_custom-forms.scss
0d994065dab7ac57768a958cb3737ea9;themes/base/bootstrap/scss/_dropdown.scss
231537fe2ae7d53410fbb47742ff3aaa;themes/base/bootstrap/scss/_forms.scss
5eccb78a39ab177eda1ac58893645933;themes/base/bootstrap/scss/_functions.scss
0737b1e79491e9605a0e0186549a1249;themes/base/bootstrap/scss/_grid.scss
d50c4811e230bbe09536f6b5eca808a9;themes/base/bootstrap/scss/_images.scss
a0e7ae2c42095d85511259fde990f434;themes/base/bootstrap/scss/_input-group.scss
d969f3ff6b93ef5d1b8a2d30149e336b;themes/base/bootstrap/scss/_jumbotron.scss
0d46407205e4bbc98417414f6dfdb3da;themes/base/bootstrap/scss/_list-group.scss
d2ea169e5ccb567ff12e945885a90fa6;themes/base/bootstrap/scss/_media.scss
3123d0b4c5feba595c28c84f0436cb4e;themes/base/bootstrap/scss/_mixins.scss
a49750633d29a87190f05f96d475210f;themes/base/bootstrap/scss/_modal.scss
025aff18f045ac2e95600a35e8905936;themes/base/bootstrap/scss/_nav.scss
8ad41716fbcfada6bbcaaa224f9f3d16;themes/base/bootstrap/scss/_navbar.scss
d361942f4f0759a55869fe75a17db0da;themes/base/bootstrap/scss/_pagination.scss
6758af26108de59e73d60ec68768845e;themes/base/bootstrap/scss/_popover.scss
02c5f9cef09bb47142a78dd057a5974d;themes/base/bootstrap/scss/_print.scss
49e53429e3776274d9dbf1fb9e55c1a8;themes/base/bootstrap/scss/_progress.scss
7def88d1b9717c458b00dbb933856a14;themes/base/bootstrap/scss/_reboot.scss
10c061bb2595b3de4b6930d879f6d81b;themes/base/bootstrap/scss/_root.scss
4d1e8876dbaa7c0344ec2a97063f3d17;themes/base/bootstrap/scss/_spinners.scss
ec7f2a3120db952b694dd0e9f871419c;themes/base/bootstrap/scss/_tables.scss
e41c135b11357c79b57b7bb68f98bfb0;themes/base/bootstrap/scss/_toasts.scss
61cfa44c3bbc57aca5079673875abb8d;themes/base/bootstrap/scss/_tooltip.scss
3718dbf96921102bc26ac3224f2de72a;themes/base/bootstrap/scss/_transitions.scss
606bf8337b2fbda90bb5c01d85e5edd7;themes/base/bootstrap/scss/_type.scss
413e7a2eee667aadfd121c6bc426ada7;themes/base/bootstrap/scss/_utilities.scss
cbc805dc315469a4cb5e46ff2ba7991c;themes/base/bootstrap/scss/_variables.scss
a7c672f5b56628210296baaad82c4039;themes/base/bootstrap/scss/bootstrap-grid.scss
d7304df6a6ed9b8a89ed7103c94e2976;themes/base/bootstrap/scss/bootstrap-reboot.scss
c6c149aeaa32f0c84e6acfb554fa3c7f;themes/base/bootstrap/scss/bootstrap.scss
2bed73c51e646a7d2e30f05d02864101;themes/base/bootstrap/scss/mixins/_alert.scss
c616ce854b35a5b1ab1bff80818e112c;themes/base/bootstrap/scss/mixins/_background-variant.scss
9245d772f26fa773f3f1cfcc57c3b46c;themes/base/bootstrap/scss/mixins/_badge.scss
b1fe7aa86dc0fc007ce01a2b7f2916d2;themes/base/bootstrap/scss/mixins/_border-radius.scss
e50901e86d7f225f22a5f088e8726276;themes/base/bootstrap/scss/mixins/_box-shadow.scss
9a14819fe9ca5e92c4b264126c626947;themes/base/bootstrap/scss/mixins/_breakpoints.scss
0d1d3c2ef8c450663b671ebe2e7c172a;themes/base/bootstrap/scss/mixins/_buttons.scss
fc2f3d41523c58e8c50d02d58c182751;themes/base/bootstrap/scss/mixins/_caret.scss
f8d39651a1054cf73e1d56ad398c0af0;themes/base/bootstrap/scss/mixins/_clearfix.scss
19856441739526899f902c884f3d2b58;themes/base/bootstrap/scss/mixins/_deprecate.scss
87899ae33449eea6ce1d4bc0aabace07;themes/base/bootstrap/scss/mixins/_float.scss
876605cd430175c9e5ec84a3966c334f;themes/base/bootstrap/scss/mixins/_forms.scss
0f44c939a3f29492ccc0cbd62499f940;themes/base/bootstrap/scss/mixins/_gradients.scss
c4d47a361a3a9f70c012d2bc3a3cf54c;themes/base/bootstrap/scss/mixins/_grid-framework.scss
4c24effe7e71a3385a539a3a34c85977;themes/base/bootstrap/scss/mixins/_grid.scss
60a4287f9d84cfb0ffbd73beb5dee528;themes/base/bootstrap/scss/mixins/_hover.scss
f450601fbd9a38badd2c35fc71500bb1;themes/base/bootstrap/scss/mixins/_image.scss
d3000f3208a4f7f91a2336bfc729c131;themes/base/bootstrap/scss/mixins/_list-group.scss
deb8df605dc4faaf23c52f20948be296;themes/base/bootstrap/scss/mixins/_lists.scss
24720d5c00af52ebe44bcc3b2b66a9b9;themes/base/bootstrap/scss/mixins/_nav-divider.scss
89f0d99dff6d6c54feab5056360f4186;themes/base/bootstrap/scss/mixins/_pagination.scss
1ddcdf93d8d2f170349cce70e12df44f;themes/base/bootstrap/scss/mixins/_reset-text.scss
af032cea5fd5e37d9a5a8b971e290ff4;themes/base/bootstrap/scss/mixins/_resize.scss
a669545a5de3bb50cc59340718d1416f;themes/base/bootstrap/scss/mixins/_screen-reader.scss
07e14cdbaee0d59ce17c0b0b35542db3;themes/base/bootstrap/scss/mixins/_size.scss
2fc9394e48aa92ee1059c219fa5407f1;themes/base/bootstrap/scss/mixins/_table-row.scss
47485aaa1da5e72c134628854be72aa1;themes/base/bootstrap/scss/mixins/_text-emphasis.scss
31dc39c6f1caeeb8a58a2b61f0b85ef2;themes/base/bootstrap/scss/mixins/_text-hide.scss
c51a1018bf42368c45eb12d6ac16f938;themes/base/bootstrap/scss/mixins/_text-truncate.scss
c079e56eb3f2960b3cb0b4fe4360e3af;themes/base/bootstrap/scss/mixins/_transition.scss
3d3bc176127e434b66ffc633db0a4cb9;themes/base/bootstrap/scss/mixins/_visibility.scss
2d85a42f5904cead7a9371485c63dce5;themes/base/bootstrap/scss/utilities/_align.scss
73dbbd77bc941f159b25726aed86c987;themes/base/bootstrap/scss/utilities/_background.scss
14aedc8584c94e4231e96d9dc927afdc;themes/base/bootstrap/scss/utilities/_borders.scss
01ed6cc705196c6f0fe33300de134ee7;themes/base/bootstrap/scss/utilities/_clearfix.scss
8af96c91de4e92e373a40d5f9b87cd91;themes/base/bootstrap/scss/utilities/_display.scss
d3f25ca3432be66d146f108e4b855595;themes/base/bootstrap/scss/utilities/_embed.scss
6a75ca706305a0a90e6c2d8d9f0ea162;themes/base/bootstrap/scss/utilities/_flex.scss
caa8e0a1ce2bab5af0c96dfbefe3dd9b;themes/base/bootstrap/scss/utilities/_float.scss
884dc37842449baa62e4d04cde52c2b3;themes/base/bootstrap/scss/utilities/_interactions.scss
db617c241dbced8683a23c0428717633;themes/base/bootstrap/scss/utilities/_overflow.scss
0ca5a3796af56ce5a9eb8997463e41a9;themes/base/bootstrap/scss/utilities/_position.scss
84c388e27d908d2489d1724f464cdc71;themes/base/bootstrap/scss/utilities/_screenreaders.scss
8d38293481d07336b8811782205e50c8;themes/base/bootstrap/scss/utilities/_shadows.scss
3e7cdb7eadea66c9cd46d6b268da6576;themes/base/bootstrap/scss/utilities/_sizing.scss
c401a7ad414bf95c2e45f51176383072;themes/base/bootstrap/scss/utilities/_spacing.scss
26d1a1fb32d45482e8703e17dce77065;themes/base/bootstrap/scss/utilities/_stretched-link.scss
83111d83a3ba26189f0bd58c6f6088f0;themes/base/bootstrap/scss/utilities/_text.scss
545510f15dee6de8164d514fcfe1ab52;themes/base/bootstrap/scss/utilities/_visibility.scss
23ec02c88f8d4d1a8958ea9a456193b9;themes/base/bootstrap/scss/vendor/_rfs.scss
fb84ad8b37de08249a983c6a2a5addf3;themes/base/consent/_banner.scss
9561e5ea99db88ef568cf5d5a3915471;themes/base/consent/_base.scss
0ac364448a6653691383510a8fdce4b4;themes/base/consent/_components.scss
4d997ac9433c2dbe3bb9a26d73f78bc3;themes/base/consent/_functions.scss
c013ebea7ae91ee495f3ab05b0020819;themes/base/consent/_mixins.scss
657a84bbf26487a763e84562030d8897;themes/base/consent/_settings.scss
d1c4f041486b335f30475a603f7a90ed;themes/base/consent/_utilities.scss
50e9a2138ff4bec573dfd06b7116c4f0;themes/base/consent/_variables.scss
fdba334651a092fe99312432a17b9a9e;themes/base/consent/components/_buttons.scss
620be815965c0f22fac2a99b1bdcdf31;themes/base/consent/components/_forms.scss
1960a9fea6d1f60bc62df6bab4466ad8;themes/base/consent/components/_modals.scss
3a7e9ac23b3208768f0e4a5343305c6d;themes/base/consent/consent.scss
1a4254b35520f050a0b2a69b43fd1382;themes/base/fileinput/fileinput.min.scss
533c1d9450b355d38a5385fb69b17668;themes/base/fontawesome/css/all.min.css
ffa1e0ceade462dde3c359dc2cfd34de;themes/base/fontawesome/metadata/gen_metadata.php
45275a4e4383ad4b7edf152991cf8026;themes/base/fontawesome/metadata/icons.php
7b3caf569dc55c0876edf9b64247249f;themes/base/fontawesome/metadata/icons.yml
992453b341bee5e9d63562bdf68bf5da;themes/base/fontawesome/scss/_animated.scss
7437104ba89f8110cf86ce53b8957f71;themes/base/fontawesome/scss/_bordered-pulled.scss
f7c8c00a50d69b4fe135dba09e511123;themes/base/fontawesome/scss/_core.scss
07f828f9915da9b10bb8cd9e2d88864a;themes/base/fontawesome/scss/_fixed-width.scss
4c95ac9309585baa4257b47556dbd8be;themes/base/fontawesome/scss/_icons.scss
dd70b195f23b6aa62debdbaab018a75b;themes/base/fontawesome/scss/_larger.scss
07930141d534140cea5527018bdc726c;themes/base/fontawesome/scss/_list.scss
df40bc4d64a720dcb611b911b740b1f9;themes/base/fontawesome/scss/_mixins.scss
a74bcad45d849b2682f1778dfa11713f;themes/base/fontawesome/scss/_rotated-flipped.scss
fa45b2d8ef7113ee7893ea60d7976e6c;themes/base/fontawesome/scss/_screen-reader.scss
2a6132e244101b92fa211bacacff05f8;themes/base/fontawesome/scss/_shims.scss
57a91421d33abf253865089a7d7ab8c6;themes/base/fontawesome/scss/_stacked.scss
35258761ce92bc236518fabe792ab1fc;themes/base/fontawesome/scss/_variables.scss
61b155859edde4df47fc256b7772bc97;themes/base/fontawesome/scss/brands.scss
d0b59a9c178ff230de4b06852cb70378;themes/base/fontawesome/scss/fontawesome.scss
c487697b647c9da844a22d355173140b;themes/base/fontawesome/scss/regular.scss
aef818837c9c8b63529247983e2bc281;themes/base/fontawesome/scss/solid.scss
e15fb13ea954efc0ac2ce61be3c937db;themes/base/fontawesome/scss/v4-shims.scss
ec0716ae8aa1ba781a1a6bcbce833f6c;themes/base/fontawesome/webfonts/fa-brands-400.eot
42f9fd6acee87559ac0d6a33488db65e;themes/base/fontawesome/webfonts/fa-brands-400.svg
b69de69a4ff8ca0abe96ec0b0c180c5b;themes/base/fontawesome/webfonts/fa-brands-400.ttf
8b7a9afd7b95f62e6ee8a72930bfb9ed;themes/base/fontawesome/webfonts/fa-brands-400.woff
659c4d58b00226541ef95c3a76e169c5;themes/base/fontawesome/webfonts/fa-brands-400.woff2
6493321d567eb0f22bd5112fbcf044a8;themes/base/fontawesome/webfonts/fa-regular-400.eot
0c41971339b9fc5b1cefb0abad1e2e69;themes/base/fontawesome/webfonts/fa-regular-400.svg
b48c48ea8457846a5695b139c377d3d1;themes/base/fontawesome/webfonts/fa-regular-400.ttf
0b5e3a5451fc62d9023ccafc85bc89db;themes/base/fontawesome/webfonts/fa-regular-400.woff
bdadb6ce95c5a2e7b673940721450d3c;themes/base/fontawesome/webfonts/fa-regular-400.woff2
f29ad0031ad2c1c14b771ce504e2bfa7;themes/base/fontawesome/webfonts/fa-solid-900.eot
4478b4d7022cad174e4c04246fe622ef;themes/base/fontawesome/webfonts/fa-solid-900.svg
48f54f63d7711d0912a9a10205538fc4;themes/base/fontawesome/webfonts/fa-solid-900.ttf
bcb927a742a8370b76642fd1a9a749c0;themes/base/fontawesome/webfonts/fa-solid-900.woff
fb493903265cad425ccdf8e04fc2de61;themes/base/fontawesome/webfonts/fa-solid-900.woff2
bbcd5bbb5993808a92df01a5dfef77cd;themes/base/fonts/montserrat/Montserrat-SemiBold.ttf
11fc71689da15c10498d83233c8cbb2e;themes/base/fonts/montserrat/Montserrat-SemiBold.woff2
9b5089e2084e7a0a80e3ea8ad870a260;themes/base/fonts/montserrat/Montserrat-SemiBoldItalic.ttf
ac4e1dce08c11e5ce48be38585107ba9;themes/base/fonts/montserrat/Montserrat-SemiBoldItalic.woff2
b5170b54aff412cfd0bed5aa23205738;themes/base/fonts/montserrat/OFL.txt
3b83ef96387f14655fc854ddc3c6bd57;themes/base/fonts/opensans/LICENSE.txt
7728dd9fbbce1c14cfbf8579d7a867a1;themes/base/fonts/opensans/open-sans-600.eot
e16f375be3c2a73b58255a02f6d3a9ce;themes/base/fonts/opensans/open-sans-600.svg
c062d7d188586db3c4cf61e1ae43b331;themes/base/fonts/opensans/open-sans-600.ttf
1cd5320f8937d337b61d5117cf9d7b28;themes/base/fonts/opensans/open-sans-600.woff
223a277bd88d8a90c8cdf24cda0ad5f5;themes/base/fonts/opensans/open-sans-600.woff2
148a6749baa5f658a45183ddb5ee159f;themes/base/fonts/opensans/open-sans-700.eot
2e00b2635b51ba336b4b67a5d0bc03c7;themes/base/fonts/opensans/open-sans-700.svg
7e08cc656863d52bcb5cd34805ac605b;themes/base/fonts/opensans/open-sans-700.ttf
623e3205570002af47fc2b88f9335d19;themes/base/fonts/opensans/open-sans-700.woff
d08c09f2f169f4a6edbcf8b8d1636cb4;themes/base/fonts/opensans/open-sans-700.woff2
9dce7f01715340861bdb57318e2f3fdc;themes/base/fonts/opensans/open-sans-regular.eot
7aab4c13671282c90669eb6a10357e41;themes/base/fonts/opensans/open-sans-regular.svg
c045b73d86803686f4cd1cc3f9ceba59;themes/base/fonts/opensans/open-sans-regular.ttf
bf2d0783515b7d75c35bde69e01b3135;themes/base/fonts/opensans/open-sans-regular.woff
cffb686d7d2f4682df8342bd4d276e09;themes/base/fonts/opensans/open-sans-regular.woff2
f7788df7c040d1c0e607e79b34b815da;themes/base/images/backgrounds/background_arktis.jpg
a3e0eecd6cf2a49a365e4272f80be6ff;themes/base/images/backgrounds/background_berge.jpg
8fc823569fafda7f0a5fed7bca0bfb98;themes/base/images/backgrounds/background_buero.jpg
ee97ac37924be2665a869a93c9d327e1;themes/base/images/backgrounds/background_feld.jpg
1b576377fa232abfb286e26291153c26;themes/base/images/backgrounds/background_hoehle.jpg
14fe87ecc1d790e7ef9e69da82e0dd9e;themes/base/images/backgrounds/background_meer-1.jpg
6a8516d6e62da753c1f8951570b6a651;themes/base/images/backgrounds/background_meer-2.jpg
b6147b0dcc61653828bd1309120fdf43;themes/base/images/backgrounds/background_meer-3.jpg
2c42d229484f3d941563bc77bfc5b7e8;themes/base/images/backgrounds/background_sonnenuntergang-1.jpg
09477f0a6c757fce66c27cccbc119de5;themes/base/images/backgrounds/background_sonnenuntergang-2.jpg
ab4598ffb4b1d41fa76700a6daf143c6;themes/base/images/backgrounds/background_sterne.jpg
506ae62bd0db50edc2c7c086c82c21ce;themes/base/images/backgrounds/background_vulkan.jpg
e79a48f32aa528013a3e83a5928935c7;themes/base/images/backgrounds/background_wolken.jpg
e41450c8d5f9936a9c950351670e1bbe;themes/base/images/compare.svg
ee3b8dba70c65d7e4299028cfb52d6f7;themes/base/images/delete.svg
c1b41a2b293eddc4cab076625bd4c651;themes/base/images/jtl_white.png
7683add36a0c205a7d21745d15af141f;themes/base/images/loader.gif
e5ad074b7969cc386b387f08dba4fcec;themes/base/images/loading-sm.gif
13630905267b809161e71d0f8a0c017b;themes/base/images/loading.gif
875b25203b6b376054657c8880e092cb;themes/base/images/quickview.svg
a241c6fd6129be5b71e245173233a6eb;themes/base/images/showmore.svg
09b24f1a73b9eeb5cc62db7ec0b60bca;themes/base/images/slider/bar/arrows.png
acc66fce35a54d815a3aa3fd573cdd90;themes/base/images/slider/bar/bullets.png
dd6b7b0bf5c3af22499abc0a9ee1e1b2;themes/base/images/slider/bar/loading.gif
4d2ed50facf20fdc9206e65be96097d6;themes/base/images/slider/dark/arrows.png
208e649ac5a7e0daf2023e30d92f675e;themes/base/images/slider/dark/bullets.png
dd6b7b0bf5c3af22499abc0a9ee1e1b2;themes/base/images/slider/dark/loading.gif
09b24f1a73b9eeb5cc62db7ec0b60bca;themes/base/images/slider/default/arrows.png
acc66fce35a54d815a3aa3fd573cdd90;themes/base/images/slider/default/bullets.png
dd6b7b0bf5c3af22499abc0a9ee1e1b2;themes/base/images/slider/default/loading.gif
246c707d1243339b740fefe80a76fd00;themes/base/images/slider/light/arrows.png
8be81f8814c2ba9b2ab77264d3132aef;themes/base/images/slider/light/bullets.png
dd6b7b0bf5c3af22499abc0a9ee1e1b2;themes/base/images/slider/light/loading.gif
da9f2a0f436cf0352bffd6d791b62de5;themes/base/images/vote.svg
90925e4bf9461a7e5390b8268b9d2c4d;themes/base/images/wishlist.svg
880dcd865fd2dcbd5ae3f3d061c232a2;themes/base/nouislider.min.css
27b8049029a1af31418742ce20c338bd;themes/base/sass/_account.scss
7faea732aaf8ce728ccf6f2523b7f91f;themes/base/sass/_base.scss
1038875d03930d6d8a668d61d83db6ae;themes/base/sass/_basket.scss
334d27b4abeb90f30b1a6265ef555c9b;themes/base/sass/_checkout.scss
085132a06547f948bd123d4cbb7ede80;themes/base/sass/_comparelist.scss
adbcd290b485736539940d7e972faf92;themes/base/sass/_contact.scss
ee53663e268bf58f39e41623e046977a;themes/base/sass/_fonts.scss
958077ce491e879af53460d44189d4c1;themes/base/sass/_footer.scss
2998efa3fb38c13db8b26697c65cd3c4;themes/base/sass/_functions.scss
215c94c49e8f291b50f675012b6f2015;themes/base/sass/_header.scss
d720b92cad2158e36fa3b96cdd07dede;themes/base/sass/_mixins.scss
422f9e34cd3e1422cad7b6cfc49a4769;themes/base/sass/_newsletter.scss
308346dffe0c22c6eaa57fd09a1d4a47;themes/base/sass/_productdetails.scss
4283d6fa2dfd53a60bd324a911e45f9d;themes/base/sass/_productlist.scss
d20a7d64efe19d3c798b8b3469a010bf;themes/base/sass/_register.scss
975ad9cd6c2018b55b2a0f0b50a2ae0d;themes/base/sass/_selectionwizard.scss
c336a14f92286c1b31a715c5ba4ff5bd;themes/base/sass/_snippets.scss
b80a0b279209733fd28a06e2827c1c42;themes/base/sass/components/_badges.scss
788d02a9f37afced7ff9dd35a81cb962;themes/base/sass/components/_banner.scss
a096c2163a3c3371721142e011243a87;themes/base/sass/components/_boxes.scss
4655918fa202537753d7aace23b6f7a3;themes/base/sass/components/_breadcrumbs.scss
e0a9a7f9dc347d410cad7773aa623a6e;themes/base/sass/components/_buttons.scss
a2dcf251a5c8f1f147b4d1702e4660c6;themes/base/sass/components/_cards.scss
6bfe1765151d834489c86e58164da707;themes/base/sass/components/_carousel.scss
67fe7f87d40219a05a0e045afc080309;themes/base/sass/components/_close.scss
3b067bb68c908ac35ae05f6fd54d72ed;themes/base/sass/components/_collapse.scss
11b4184b8358dee64be61ee5bc203787;themes/base/sass/components/_custom_forms.scss
163192ed8b8f71f4a6b2af8c6e1e92dd;themes/base/sass/components/_dropdowns.scss
71bfec5792e74279adb8092e9ec2d888;themes/base/sass/components/_figures.scss
ffc996b07cd23bfeae7b0782b1f53eb3;themes/base/sass/components/_forms.scss
1dd6ac98ac34631d0c551d0c76085d02;themes/base/sass/components/_grid.scss
86f04f4fe014684e141faace1fbe7ce5;themes/base/sass/components/_icons.scss
a4aca8bfe91a02db08333889402eaa06;themes/base/sass/components/_lists.scss
ae1110c9c2776e8a6b3400891411a9a2;themes/base/sass/components/_modals.scss
08d5a173704b9dbfa12061b67cbb40ed;themes/base/sass/components/_navs.scss
0169d1f8cb7a0029801e9fc00e91b58d;themes/base/sass/components/_newsbox.scss
b5b46bfbc5d033210ef2be82267a6929;themes/base/sass/components/_pagination.scss
ae35ba37e28403faedfb7d7d56c48e45;themes/base/sass/components/_productbox.scss
004dc9270b8f0fe4a38107c25fcd773d;themes/base/sass/components/_ribbons.scss
2e653803be36e7c64315a8a0c90d3b72;themes/base/sass/components/_scrolltop.scss
ef0743b8cbaea67c60f1758ae64c746a;themes/base/sass/components/_slider.scss
97ef796072f9532ef265c692e7bd721c;themes/base/sass/components/_spinner.scss
a39113fde2fa6f8598bbdd732485d57d;themes/base/sass/components/_stepper.scss
fff400fcd47ef4805e11ceb137fdae2b;themes/base/sass/components/_tables.scss
5ec4a27f790f182e17151dd4508d1246;themes/base/sass/components/_tabs.scss
1a42d2b41e96e64b781e0476b1ac7722;themes/base/sass/components/_tooltip.scss
c30029d30f6d6a0d57cf395c70dc328c;themes/base/sass/components/_ui_slider.scss
27c93a88add0244ddd390a5c0bf03d2b;themes/base/sass/components/all.scss
0195f9ec4fb9261cba93aedbfa2f4d96;themes/base/sass/utilities/_all.scss
bf7a92434795e492817cc5f6758a8a6a;themes/base/sass/utilities/_borders.scss
3e2bc799fe1931185fccab0dc95204d0;themes/base/sass/utilities/_sizing.scss
fd1f84fccb0ad470f704f08bc5161122;themes/base/sass/utilities/_text.scss
9a3e18c512455f06d83ee42dfd57b56c;themes/base/sass/utilities/_zindex.scss
1e00bdb026c7f7808a8572c1d7cc94cf;themes/base/slick/slick-lightbox.css
0102f46374d9b263d458b23f702d2b64;themes/base/slick/slick.scss
1231571fe1d9d21b1ea3849c016bf0eb;themes/base/slider/slider.css
7da1b41592f039eecd65d604482c10e1;themes/base/wow/animate.css
5ad9cbff5bb0789ba7d3bd730853b3ae;themes/clear/clear.css
06934962aed5b60b4d5798f388b41c3d;themes/clear/clear.css.map
374722cb5a79dbed7a48e8b95a393cd4;themes/clear/clear_crit.css
a1cd6123de5c4f262d50453bb761e013;themes/clear/clear_crit.css.map
47dfd2051f730a6e2ac3731010245eec;themes/clear/sass/_allstyles.scss
de0173bb13c746bab1c329b806254c0f;themes/clear/sass/_variables.scss
57baf6bfe88bc3fa276c97804371bcad;themes/clear/sass/clear.scss
dc99808d40c53287e31ae30dd71886c0;themes/clear/sass/clear_crit.scss
85d1556c3d3dc51d0442494db53935b6;themes/midnight/midnight.css
f2d10cdb8b22f62536e06837a371afa7;themes/midnight/midnight.css.map
1f4164c42525dc513753fc967ef40e9d;themes/midnight/midnight_crit.css
58504d89ff09e172acc91e607e296e0b;themes/midnight/midnight_crit.css.map
47dfd2051f730a6e2ac3731010245eec;themes/midnight/sass/_allstyles.scss
ad7c15333bdd54fb1a0432e673deeba5;themes/midnight/sass/_variables.scss
43191de5a5a5adfa9f75b006c5b3ca5e;themes/midnight/sass/midnight.scss
db0dfd4a66c867a452587d0a2e948548;themes/midnight/sass/midnight_crit.scss
